iter	RMSE
<<<<<<< HEAD
0	1.10165336
1	1.091527743
2	1.083370469
3	1.079002956
4	1.072775615
5	1.065306233
6	1.059345625
7	1.050352089
8	1.04221611
9	1.039129755
10	1.031646038
11	1.023637861
12	1.015069151
13	1.008385477
14	1.00041962
15	0.9937657775
16	0.989811149
17	0.9813034957
18	0.9776110619
19	0.971010378
20	0.9638199031
21	0.9585096073
22	0.952299598
23	0.9449643175
24	0.9378838428
25	0.93252636
26	0.9251403912
27	0.9208010144
28	0.9171686052
29	0.9116002667
30	0.9046109415
31	0.9000795618
32	0.8961637772
33	0.8920245883
34	0.8884847065
35	0.8839443077
36	0.8770709613
37	0.8728490679
38	0.867268256
39	0.8634409017
40	0.859170459
41	0.8556469088
42	0.8503412918
43	0.8443849422
44	0.8406007325
45	0.8375468858
46	0.8338276511
47	0.8294477093
48	0.8236557322
49	0.8206291814
50	0.8158115632
51	0.8129005072
52	0.8064573965
53	0.8020081785
54	0.799318082
55	0.7951929342
56	0.7921734698
57	0.7868284404
58	0.7825948614
59	0.7789872014
60	0.7750846556
61	0.7708306986
62	0.7671750316
63	0.7637923723
64	0.7597216769
65	0.7562974488
66	0.7527547249
67	0.749252022
68	0.746250736
69	0.7424712073
70	0.7389883835
71	0.7339136146
72	0.7300787989
73	0.7266263135
74	0.7233501023
75	0.7191797918
76	0.7150663642
77	0.7115796383
78	0.7083726487
79	0.705138173
80	0.7027681193
81	0.7006924802
82	0.698715428
83	0.6945899459
84	0.6923201333
85	0.6894713235
86	0.6864857581
87	0.683206282
88	0.6799699832
89	0.6762729751
90	0.6743402943
91	0.6711206193
92	0.6677275407
93	0.6653095546
94	0.662343164
95	0.6596944036
96	0.6573326301
97	0.6549491846
98	0.6507418057
99	0.6488867629
100	0.6472131043
101	0.6444492419
102	0.6420903846
103	0.6399106333
104	0.6375041797
105	0.6351859051
106	0.6328437407
107	0.6307814444
108	0.6282673582
109	0.6249306638
110	0.6236495821
111	0.6206670123
112	0.6182724194
113	0.6152525769
114	0.6131922052
115	0.610501372
116	0.6077581266
117	0.6059411843
118	0.6046060433
119	0.602276843
120	0.6004815844
121	0.5972370044
122	0.5950526544
123	0.5922248812
124	0.5908543996
125	0.5886164509
126	0.5868478604
127	0.5837802696
128	0.5816656056
129	0.5786844455
130	0.5758809322
131	0.5736724287
132	0.5709084206
133	0.5690145422
134	0.5658172362
135	0.5630977222
136	0.5615480551
137	0.5596290305
138	0.557304885
139	0.5554487274
140	0.5538201421
141	0.5513340575
142	0.5474730559
143	0.5452834177
144	0.5432836668
145	0.5410803681
146	0.5399632291
147	0.5374822228
148	0.5352915947
149	0.5332420485
150	0.5304048657
151	0.528063716
152	0.5268451549
153	0.5245180476
154	0.5235345037
155	0.5228307812
156	0.5212615922
157	0.5188841859
158	0.5150172208
159	0.5126702517
160	0.511495006
161	0.5095761614
162	0.5073090985
163	0.5054342081
164	0.5033175305
165	0.5019810994
166	0.499912054
167	0.4982271463
168	0.4958492265
169	0.4942280324
170	0.4925275056
171	0.4906396966
172	0.4887813029
173	0.4872231314
174	0.4853386887
175	0.4834104265
176	0.4821195899
177	0.480758191
178	0.4787291416
179	0.4767533126
180	0.4753541965
181	0.4732036088
182	0.4717222317
183	0.4681240709
184	0.4657158188
185	0.4632452934
186	0.4616802353
187	0.4598557513
188	0.458395144
189	0.4561391545
190	0.4542056474
191	0.452968226
192	0.4515224884
193	0.4504491186
194	0.4495852899
195	0.4472303795
196	0.4456150374
197	0.444113513
198	0.442675775
199	0.4400603325
200	0.4384294049
201	0.4372728511
202	0.4360042299
203	0.4337582317
204	0.4320196276
205	0.4304106443
206	0.4281087777
207	0.4263107528
208	0.4248577013
209	0.4218457697
210	0.4203223314
211	0.4186879587
212	0.4171837912
213	0.4162089468
214	0.4147367939
215	0.4133929186
216	0.4111635078
217	0.4092662182
218	0.4076785743
219	0.4065158908
220	0.4048575358
221	0.4035460709
222	0.4026517708
223	0.4011511225
224	0.4002092087
225	0.3992547754
226	0.398199749
227	0.3955506512
228	0.3945033469
229	0.392184995
230	0.3912944202
231	0.3897352887
232	0.3877372123
233	0.3852405367
234	0.3834771426
235	0.3819672182
236	0.3812513348
237	0.3799901394
238	0.3785427055
239	0.3769657973
240	0.3756511963
241	0.3746319517
242	0.3737047878
243	0.3723922173
244	0.3708896898
245	0.3691514239
246	0.3673756134
247	0.3660971333
248	0.3635617208
249	0.3621104083
250	0.3600599613
251	0.3593649432
252	0.3586049454
253	0.3569340891
254	0.3554946005
255	0.3538190304
256	0.3526484676
257	0.3516967997
258	0.3498538474
259	0.3489301406
260	0.3472448536
261	0.3458198011
262	0.3451482925
263	0.3445505778
264	0.3429770961
265	0.3405376444
266	0.3389457999
267	0.3380942601
268	0.336960941
269	0.3350728829
270	0.3336425622
271	0.3321754857
272	0.3307929419
273	0.3295600401
274	0.3287490881
275	0.3281025515
276	0.3258242561
277	0.3246453812
278	0.3224981929
279	0.320470094
280	0.3199059127
281	0.3184912461
282	0.3179464324
283	0.3158503434
284	0.3145447417
285	0.3129878521
286	0.3124532713
287	0.3114788382
288	0.3103392104
289	0.3090321625
290	0.307715348
291	0.3070441482
292	0.3063849224
293	0.3056156893
294	0.3049187671
295	0.3044196259
296	0.3032143028
297	0.3020375635
298	0.3015500607
299	0.300280777
300	0.2991207345
301	0.298273023
302	0.297771929
303	0.29606032
304	0.294649395
305	0.2934942521
306	0.2930312991
307	0.2917227429
308	0.2909197025
309	0.2895463965
310	0.2887202108
311	0.2875826804
312	0.2867113537
313	0.2862643192
314	0.2858048989
315	0.2846937371
316	0.2841094645
317	0.2836766446
318	0.2826265556
319	0.2815772253
320	0.2802519583
321	0.2788128405
322	0.2775348556
323	0.2771181726
324	0.2755660889
325	0.2750195918
326	0.2746065181
327	0.2737684936
328	0.2726714404
329	0.2716538398
330	0.2706588817
331	0.2696890756
332	0.2693118137
333	0.2684028889
334	0.2672089103
335	0.2660545552
336	0.2643519698
337	0.2634415938
338	0.2624764385
339	0.2621030731
340	0.2617355382
341	0.2607022966
342	0.2598162135
343	0.258885608
344	0.258413876
345	0.2574246042
346	0.2565237955
347	0.2561750866
348	0.2553054372
349	0.2542258982
350	0.2534034787
351	0.2525404476
352	0.2522154404
353	0.2511740659
354	0.2508454912
355	0.2504164122
356	0.2495098622
357	0.2491916522
358	0.2482589473
359	0.2478719769
360	0.2469629351
361	0.2458197743
362	0.2450077283
363	0.244415134
364	0.2441154386
365	0.2438198877
366	0.2430406547
367	0.2424660322
368	0.2415785952
369	0.2406147553
370	0.2397448507
371	0.2391926174
372	0.2383297957
373	0.2377488533
374	0.2369063273
375	0.2363407196
376	0.2355346683
377	0.2349834784
378	0.2347164765
379	0.2338106796
380	0.2329922253
381	0.2321739483
382	0.2316402318
383	0.2308431852
384	0.2303041729
385	0.2294441544
386	0.2289271192
387	0.2283202547
388	0.2276093995
389	0.2273601813
390	0.227114411
391	0.2266038424
392	0.2258354178
393	0.2251553
394	0.2244066371
395	0.2239122467
396	0.2231622312
397	0.2224998128
398	0.2219449882
399	0.2212172061
400	0.2204930489
401	0.2197854795
402	0.2181400785
403	0.2176098078
404	0.2168434168
405	0.21617226
406	0.2154774118
407	0.2152486991
408	0.2147809339
409	0.2141224516
410	0.2138468792
411	0.2136923024
412	0.21354006
413	0.2133901096
414	0.2132424097
415	0.2123571841
416	0.211619194
417	0.2111928451
418	0.2110507328
419	0.2101892427
420	0.2094752272
421	0.2093376826
422	0.2089234396
423	0.2080850279
424	0.2078694585
425	0.2068207377
426	0.2061456415
427	0.2056234569
428	0.2048037463
429	0.2041488312
430	0.2040201246
431	0.2036297065
432	0.2028320077
433	0.2018415272
434	0.2017156193
435	0.2011203624
436	0.2001535448
437	0.1995177073
438	0.1993937326
439	0.1987740808
440	0.1983296533
441	0.1977632686
442	0.1971828663
443	0.1967238516
444	0.1961788263
445	0.1956198389
446	0.195377425
447	0.1946343523
448	0.1941905936
449	0.1929404739
450	0.1922060906
451	0.1915356657
452	0.1908244401
453	0.1902996937
454	0.1897141478
455	0.1892016472
456	0.1889681985
457	0.188508587
458	0.187826353
459	0.187162784
460	0.1866306511
461	0.1861256094
462	0.1856331251
463	0.1851433776
464	0.1841672139
465	0.1836454611
466	0.1830359298
467	0.1823728732
468	0.1819631421
469	0.1813395141
470	0.1807329395
471	0.1793068558
472	0.1788127351
473	0.1777460753
474	0.1772892739
475	0.1768434721
476	0.1764849189
477	0.1754543925
478	0.174815261
479	0.1743858887
480	0.1742158867
481	0.1732215886
482	0.1727819494
483	0.1726154475
484	0.1724515377
485	0.1722901793
486	0.1712736273
487	0.1708295879
488	0.1706711141
489	0.1698177952
490	0.1694349412
491	0.1685636479
492	0.1677131549
493	0.167450375
494	0.1668898463
495	0.1664853452
496	0.1663009776
497	0.1650640069
498	0.1645172849
499	0.163322009
500	0.1626603106
501	0.1615007771
502	0.1611586261
503	0.1608215826
504	0.1596287241
505	0.1592969648
506	0.1584030504
507	0.1582346354
508	0.158068953
509	0.1571980185
510	0.157035449
511	0.1568755171
512	0.1560270188
513	0.1556408282
514	0.15548499
515	0.1547615997
516	0.1539838174
517	0.1536673197
518	0.1529691147
519	0.1527374643
520	0.1525769667
521	0.1518957133
522	0.1516707569
523	0.1510258523
524	0.150323514
525	0.1495912937
526	0.1494427274
527	0.1492965613
528	0.1486040376
529	0.1484595933
530	0.1477208036
531	0.1470139926
532	0.1468560809
533	0.1461322572
534	0.1454852309
535	0.1448395691
536	0.144683059
537	0.1440527612
538	0.1438978311
539	0.1432237422
540	0.1426088628
541	0.1424557581
542	0.1415737577
543	0.1410117093
544	0.1407329928
545	0.1401418211
546	0.139854572
547	0.1392674243
548	0.1386952997
549	0.1381100107
550	0.1374697151
551	0.136902346
552	0.1366186946
553	0.1359401813
554	0.1351273846
555	0.135042292
556	0.1344261515
557	0.1339206204
558	0.1336500233
559	0.1335661214
560	0.1330734646
561	0.1328099029
562	0.1327269377
563	0.1322468536
564	0.1319901584
565	0.1319081235
566	0.1315067516
567	0.1311992317
568	0.1304691717
569	0.1303894245
570	0.1301398752
571	0.1294276195
572	0.1293494058
573	0.1289459428
574	0.1282520317
575	0.1281752906
576	0.1280330769
577	0.1279580719
578	0.1275631698
579	0.1269018229
580	0.1266559057
581	0.1260087726
582	0.1257552071
583	0.1255135145
584	0.1250323284
585	0.124652748
586	0.1240026874
587	0.1239300618
588	0.1233119147
589	0.1231864279
590	0.1228292121
591	0.1222076208
592	0.1219374725
593	0.1218149807
594	0.1215496975
595	0.1211875938
596	0.1205978037
597	0.120335547
598	0.1200773488
599	0.1199589212
600	0.1193986079
601	0.1190942082
602	0.1187961329
603	0.1184017631
604	0.1181108978
605	0.1180422604
606	0.1174668923
607	0.1171496766
608	0.1166809324
609	0.1163866742
610	0.116108114
611	0.1160014644
612	0.1154633997
613	0.1153653958
614	0.1148385657
615	0.1147413009
616	0.114645737
617	0.1141289278
618	0.1140340707
619	0.1134716512
620	0.1133670819
621	0.1130416405
622	0.1128231297
623	0.112322201
624	0.1122292795
625	0.1116537232
626	0.1115619525
627	0.1114717675
628	0.1109860426
629	0.110768636
630	0.1103090953
631	0.1100975831
632	0.1096229177
633	0.1091791829
634	0.1089748911
635	0.1087513004
636	0.1082309939
637	0.107799994
638	0.1075814042
639	0.1072190317
640	0.1067316625
641	0.1063065681
642	0.1061035371
643	0.1056895368
644	0.1054781067
645	0.1050482068
646	0.1048406713
647	0.1043400357
648	0.1041439172
649	0.1037377604
650	0.1033017592
651	0.1028494993
652	0.1026577275
653	0.1022586078
654	0.1018669167
655	0.1014606146
656	0.1011284309
657	0.1008034725
658	0.1006675333
659	0.1002441197
660	0.09992138204
661	0.09973824106
662	0.09930848685
663	0.09912851409
664	0.09873520876
665	0.09853836801
666	0.09815264904
667	0.09797832157
668	0.09759869865
669	0.09740511164
670	0.09700277777
671	0.09658796531
672	0.09629635472
673	0.09591815635
674	0.09575047885
675	0.09538507722
676	0.09499899347
677	0.0945992515
678	0.09418485052
679	0.09383026097
680	0.09370962704
681	0.09332747864
682	0.0931646099
683	0.09284716954
684	0.09256703022
685	0.09218629973
686	0.09187887097
687	0.09155992461
688	0.09130263272
689	0.0909145514
690	0.09074473476
691	0.09040605004
692	0.09022786437
693	0.08983672836
694	0.08964248919
695	0.08952759435
696	0.08914375285
697	0.08884054133
698	0.08867209742
699	0.08838390682
700	0.08803807443
701	0.08768670609
702	0.08733367794
703	0.08722128478
704	0.08695332841
705	0.08683872852
706	0.08651699876
707	0.08640360258
708	0.0862928192
709	0.08618375826
710	0.08586836657
711	0.08562134247
712	0.08533550582
713	0.0851814635
714	0.08482222299
715	0.0845402093
716	0.08437636619
717	0.08402616981
718	0.08373659765
719	0.08363051776
720	0.08347219276
721	0.08313086914
722	0.08283608379
723	0.08260422462
724	0.0822784649
725	0.08200904196
726	0.08166916464
727	0.08149595526
728	0.08135222369
729	0.08107852488
730	0.08097619287
731	0.08066173621
732	0.08034726155
733	0.08019754937
734	0.07989145281
735	0.07979071525
736	0.07949152809
737	0.0792178146
738	0.0789514363
739	0.07877062826
740	0.07860465057
741	0.07846266845
742	0.07820032785
743	0.07788497108
744	0.077628134
745	0.07753040412
746	0.07724955866
747	0.07714504231
748	0.07690185681
749	0.07662907444
750	0.07636543482
751	0.07606048197
752	0.07581208706
753	0.07551500672
754	0.07525567793
755	0.07515264746
756	0.07491843539
757	0.07466441728
758	0.07453130638
759	0.07436639883
760	0.07409363236
761	0.07380337261
762	0.073519099
763	0.07339390847
764	0.07315651634
765	0.07287798729
766	0.0727570571
767	0.07248413816
768	0.07236588621
769	0.07212686133
770	0.0718737419
771	0.07160876256
772	0.07138137487
773	0.07112448872
774	0.07101127785
775	0.07072640154
776	0.0705321215
777	0.07030314942
778	0.07007301393
779	0.06982170525
780	0.06971192631
781	0.06948860903
782	0.06926276624
783	0.06910640117
784	0.06872014784
785	0.06850135061
786	0.06812499077
787	0.06801911753
788	0.06766502571
789	0.06745226376
790	0.0673637337
791	0.06699870673
792	0.06679121343
793	0.0664362149
794	0.06634922232
795	0.06617849887
796	0.06587224146
797	0.06566116569
798	0.06557689534
799	0.06534440004
800	0.06517713557
801	0.06487939322
802	0.06467739907
803	0.06448011955
804	0.06439705264
805	0.06405744031
806	0.06397571638
807	0.06371396355
808	0.06346030469
809	0.06325025397
810	0.06304478076
811	0.06280114391
812	0.06260120295
813	0.06239772573
814	0.06216265713
815	0.06196976966
816	0.06183381686
817	0.06177447746
818	0.06156572864
819	0.06143233339
820	0.06130091125
821	0.06124217267
822	0.06111256748
823	0.06088800114
824	0.06064793945
825	0.06045711655
826	0.06027029913
827	0.06009415121
828	0.06001537205
829	0.05983274229
830	0.0597080042
831	0.05952872903
832	0.05939671621
833	0.05922832383
834	0.05905268119
835	0.05887209924
836	0.05870091216
837	0.05855394603
838	0.05843775414
839	0.05838373517
840	0.0582695752
841	0.05810356341
842	0.0580388208
843	0.0579752005
844	0.05767478815
845	0.05746661326
846	0.0574150897
847	0.05725375733
848	0.05696192843
849	0.05677635447
850	0.05671554024
851	0.05643206851
852	0.05637242468
853	0.05609668511
854	0.05584711017
855	0.05556315086
856	0.05532108613
857	0.05525130424
858	0.05518258058
859	0.05498304204
860	0.05474677081
861	0.05456931395
862	0.05450154799
863	0.05430926139
864	0.05412299976
865	0.05394256974
866	0.05371193806
867	0.05353064789
868	0.05330491216
869	0.05313591509
870	0.05297139759
871	0.05290552127
872	0.05268660798
873	0.05263957725
874	0.0524636825
875	0.05219563945
876	0.05203664693
877	0.05178088393
878	0.05152262492
879	0.05130431917
880	0.05115121449
881	0.05091293721
882	0.05071961332
883	0.05065549024
884	0.05046759245
885	0.05034654833
886	0.0502288137
887	0.04999687313
888	0.04989004253
889	0.04981419129
890	0.04958860481
891	0.04940664249
892	0.04930234199
893	0.04919992898
894	0.04909936649
895	0.04902538149
896	0.0489263013
897	0.04868002919
898	0.04863641242
899	0.04859339517
900	0.04849486585
901	0.04833181957
902	0.04828951439
903	0.04819239125
904	0.04803419449
905	0.04799264852
906	0.04783845199
907	0.04779010754
908	0.04769441043
909	0.04754433328
910	0.04739789667
911	0.04735616954
912	0.04723652915
913	0.04719537566
914	0.0470044122
915	0.04688756337
916	0.04684729821
917	0.04680758712
918	0.04666685242
919	0.04653118295
920	0.0464921314
921	0.04630765333
922	0.04617472805
923	0.04613663866
924	0.04609907249
925	0.04587472862
926	0.04574596818
927	0.04561096511
928	0.04557435012
929	0.04548409061
930	0.04537139649
931	0.04533536631
932	0.04515829501
933	0.04503385495
934	0.04493992432
935	0.04468902043
936	0.04465370623
937	0.04450096788
938	0.0444660268
939	0.04436039457
940	0.04415720186
941	0.0441229044
942	0.04408907859
943	0.04396211693
944	0.04385111437
945	0.04381784393
946	0.04364941229
947	0.04345344292
948	0.04334798834
949	0.04317155574
950	0.04295904233
951	0.04281361454
952	0.04270706429
953	0.04267034695
954	0.04250124854
955	0.04239664217
956	0.04236040434
957	0.04219953939
958	0.04209984965
959	0.04190219695
960	0.0417603141
961	0.04157503924
962	0.04147434625
963	0.04133796881
964	0.04111729677
965	0.04108737465
966	0.04090773083
967	0.04069303571
968	0.04055930867
969	0.04035053948
970	0.04032077048
971	0.04022569914
972	0.0401964145
973	0.039998666
974	0.03996968524
975	0.03987659251
976	0.03970498353
977	0.03963266007
978	0.03946609814
979	0.03939557108
980	0.03932629793
981	0.03916508695
982	0.03898691474
983	0.03884486482
984	0.03869126441
985	0.03851849355
986	0.03838289582
987	0.03821487044
988	0.03808276418
989	0.03794417945
990	0.03778138924
991	0.03765525456
992	0.03752252674
993	0.03737807657
994	0.03710469685
995	0.03699731032
996	0.03693477583
997	0.03687055393
998	0.03680488145
999	0.03674328465
=======
0	0.7661946019
1	0.7625640449
2	0.7583791564
3	0.7532364484
4	0.748413272
5	0.744507582
6	0.741225927
7	0.7366943931
8	0.7336817645
9	0.7297175374
10	0.7248716756
11	0.7205388381
12	0.7164479059
13	0.7138787889
14	0.7085722365
15	0.7044629993
16	0.7010018818
17	0.6974607158
18	0.6935909332
19	0.6914693317
20	0.6891177988
21	0.6862653917
22	0.6834082554
23	0.6797423892
24	0.6768773209
25	0.6740261292
26	0.6704939653
27	0.6674219444
28	0.6638479514
29	0.66075472
30	0.6577657448
31	0.6551496031
32	0.6514377715
33	0.6481717127
34	0.6463145847
35	0.6432672114
36	0.6392574942
37	0.6376502001
38	0.6340199668
39	0.63092932
40	0.6275289952
41	0.6243352739
42	0.6204271149
43	0.6176728301
44	0.6145106412
45	0.6113352558
46	0.6091920205
47	0.6065215583
48	0.6029400838
49	0.600203096
50	0.5980032474
51	0.5958854372
52	0.5930989481
53	0.5895637045
54	0.5862573201
55	0.5840760964
56	0.5824242868
57	0.5798225221
58	0.5775129252
59	0.5743284601
60	0.5710433639
61	0.5685029841
62	0.5654438286
63	0.5637728215
64	0.5623263952
65	0.5604431355
66	0.5583418966
67	0.5561348026
68	0.5531406951
69	0.5506910897
70	0.5474875234
71	0.5446798692
72	0.5421878849
73	0.5390758547
74	0.5366785102
75	0.534533919
76	0.5323008866
77	0.5302927873
78	0.5283183161
79	0.5274799441
80	0.5248367939
81	0.5225133467
82	0.5193762356
83	0.516911522
84	0.5146690641
85	0.5126770847
86	0.510552061
87	0.5087256627
88	0.507142218
89	0.5053253083
90	0.5030497816
91	0.5012960798
92	0.4991913765
93	0.4968145041
94	0.4949129174
95	0.4929711579
96	0.4914631308
97	0.4894481243
98	0.4866175982
99	0.4844783577
100	0.4822829557
101	0.4805454213
102	0.4782737442
103	0.4764467894
104	0.4743850113
105	0.4728870531
106	0.471476253
107	0.4699245628
108	0.4683670531
109	0.4673121122
110	0.4651918914
111	0.4627596117
112	0.4607182088
113	0.4582796029
114	0.4572088897
115	0.4553514087
116	0.4523469391
117	0.4503797951
118	0.447871351
119	0.4458019185
120	0.4439216043
121	0.4417483133
122	0.4402625093
123	0.4385088334
124	0.4371883474
125	0.4347024661
126	0.4338996602
127	0.4314398592
128	0.4294878198
129	0.4278146689
130	0.4270926058
131	0.425933465
132	0.4244747959
133	0.422776671
134	0.4204931151
135	0.4190895074
136	0.4170121252
137	0.4151167217
138	0.4137994982
139	0.4121447155
140	0.4106245014
141	0.408829072
142	0.4077226008
143	0.4057232532
144	0.4044951699
145	0.403040902
146	0.4019920656
147	0.4001339374
148	0.3975004875
149	0.3961375703
150	0.3943029225
151	0.393179804
152	0.3917115509
153	0.3903184346
154	0.3890451945
155	0.3872897973
156	0.3859015151
157	0.3838061334
158	0.3828117844
159	0.3813093267
160	0.3799827947
161	0.3779468166
162	0.3764130951
163	0.3744451353
164	0.3724748453
165	0.3700555495
166	0.3683474642
167	0.366575634
168	0.3657874711
169	0.3632775856
170	0.361760863
171	0.360777958
172	0.3597718915
173	0.359034992
174	0.3579009375
175	0.356979867
176	0.3556279261
177	0.35419023
178	0.3524774168
179	0.3514865591
180	0.3504888505
181	0.3482949736
182	0.3468062878
183	0.3451697509
184	0.3441319664
185	0.3427048593
186	0.3418854476
187	0.3410592967
188	0.3402203945
189	0.338596296
190	0.3370204099
191	0.335399745
192	0.3339337581
193	0.3323817187
194	0.3314474524
195	0.3299993602
196	0.3291614168
197	0.3284085513
198	0.3275788129
199	0.3258838313
200	0.3237636211
201	0.3229942497
202	0.3220348523
203	0.3211668557
204	0.3197897806
205	0.319185144
206	0.3184460734
207	0.3170421963
208	0.3160550766
209	0.3150814842
210	0.3133920695
211	0.3120619364
212	0.3105422072
213	0.3097792882
214	0.3089732422
215	0.3082542402
216	0.3071110234
217	0.3063781041
218	0.3056650791
219	0.303759275
220	0.3024733441
221	0.3015185913
222	0.2999773712
223	0.2990049072
224	0.2976493819
225	0.2970386388
226	0.2954402468
227	0.2941227757
228	0.2935466434
229	0.2930342898
230	0.2918133183
231	0.2905801663
232	0.2899732231
233	0.2892585396
234	0.2883902156
235	0.2875276451
236	0.285522892
237	0.2848282725
238	0.284182736
239	0.2826459675
240	0.2821749597
241	0.2815608167
242	0.280644202
243	0.2797737224
244	0.2789360321
245	0.2782611679
246	0.2776682948
247	0.2769945499
248	0.2764248758
249	0.2753709708
250	0.2746920154
251	0.2733875998
252	0.2728534554
253	0.2716249976
254	0.271096097
255	0.2697261783
256	0.2690494347
257	0.2685358127
258	0.2672588848
259	0.2667571569
260	0.2661341893
261	0.2649385945
262	0.2644400908
263	0.2627668491
264	0.2622845769
265	0.2603871496
266	0.2587934039
267	0.2582249709
268	0.2565469278
269	0.2559630574
270	0.2552967599
271	0.2537017995
272	0.2532556422
273	0.2521034201
274	0.2516312636
275	0.2508749917
276	0.249130966
277	0.2486630248
278	0.2477436971
279	0.247242661
280	0.2467805031
281	0.2462903296
282	0.2458501276
283	0.2453754287
284	0.2438840674
285	0.2434742038
286	0.2430765046
287	0.2422807418
288	0.24180285
289	0.2414004806
290	0.2409886007
291	0.2395522897
292	0.2391672244
293	0.2377203246
294	0.2363394019
295	0.2349405478
296	0.2345719604
297	0.234202029
298	0.2327975049
299	0.2315419359
300	0.2301601743
301	0.2287915534
302	0.2274374864
303	0.2263983921
304	0.2250594937
305	0.2237347384
306	0.2232613083
307	0.2219482221
308	0.2209512523
309	0.2204768123
310	0.21950525
311	0.218553679
312	0.2181890632
313	0.2172602386
314	0.2162962768
315	0.2154666709
316	0.2150236914
317	0.2140728139
318	0.2131312486
319	0.2121988732
320	0.2116367984
321	0.2107575634
322	0.2101846388
323	0.2092682744
324	0.2089356692
325	0.2083931422
326	0.2074907004
327	0.2071789122
328	0.2068025991
329	0.2059123007
330	0.2055524925
331	0.2046766905
332	0.2038048174
333	0.2034911047
334	0.2026292944
335	0.2022220285
336	0.2013699511
337	0.2008612938
338	0.2004622258
339	0.1992792501
340	0.1981069972
341	0.1969470736
342	0.1955178809
343	0.1951290101
344	0.1939895081
345	0.1928581685
346	0.1917396587
347	0.1906306108
348	0.1898308331
349	0.1887377886
350	0.1876548121
351	0.1866706255
352	0.1861943179
353	0.1854186247
354	0.1846586961
355	0.184290575
356	0.1838178436
357	0.1833590496
358	0.1829996679
359	0.1825478949
360	0.1814991566
361	0.1804595401
362	0.1794299844
363	0.1784691604
364	0.1775160985
365	0.1765707251
366	0.1756329675
367	0.1751963338
368	0.1742821059
369	0.1733756845
370	0.1724578843
371	0.1715474927
372	0.171079077
373	0.17017811
374	0.169170012
375	0.1682954157
376	0.1678774584
377	0.166995142
378	0.1661199496
379	0.1656690698
380	0.1646889762
381	0.1638274311
382	0.1631982883
383	0.1627576916
384	0.161795405
385	0.1609504151
386	0.1605172836
387	0.1596809892
388	0.1592540444
389	0.1585009529
390	0.1577541978
391	0.1569348658
392	0.1561890774
393	0.1553806181
394	0.15457866
395	0.1537831446
396	0.1533737923
397	0.1526561354
398	0.1518727414
399	0.1510956345
400	0.1506959611
401	0.1499942969
402	0.1492290047
403	0.148526425
404	0.147969581
405	0.147420689
406	0.1467406048
407	0.1459945991
408	0.1452545678
409	0.1445752193
410	0.1441967414
411	0.143822088
412	0.1430950436
413	0.1424285825
414	0.1420608933
415	0.1413450201
416	0.1408299694
417	0.1401223244
418	0.1396171163
419	0.1389702523
420	0.138615431
421	0.1382642195
422	0.1375304824
423	0.1368410473
424	0.1361571369
425	0.135478704
426	0.1349959038
427	0.1343590271
428	0.1340208312
429	0.1335499017
430	0.1328407777
431	0.1321592146
432	0.1314854331
433	0.1308193421
434	0.1304889966
435	0.1298307873
436	0.1293738318
437	0.1287240626
438	0.127784616
439	0.1268573494
440	0.126224108
441	0.1253133723
442	0.1244144821
443	0.1235273041
444	0.1229144495
445	0.1220431567
446	0.121172003
447	0.1203123759
448	0.119464127
449	0.118876374
450	0.1180438866
451	0.1172224253
452	0.1164118485
453	0.1156120165
454	0.1148227915
455	0.1140440378
456	0.1132756213
457	0.1125174098
458	0.1117692729
459	0.1110310818
460	0.1103027098
461	0.1096755859
462	0.1090557306
463	0.1086213246
464	0.1079188919
465	0.10748238
466	0.1067027562
467	0.1062792088
468	0.1055985681
469	0.1050134304
470	0.1045982499
471	0.1041044011
472	0.1033629882
473	0.102878175
474	0.1024737372
475	0.1019951003
476	0.1015963507
477	0.1011237843
478	0.1006551907
479	0.1001905362
480	0.099729581
481	0.09902982376
482	0.09857550179
483	0.09812381834
484	0.09767522831
485	0.09699661721
486	0.09653283757
487	0.09609472157
488	0.09566026779
489	0.09522944672
490	0.09480222919
491	0.09415429572
492	0.09373467347
493	0.09330538103
494	0.0928910435
495	0.0924526165
496	0.09182780119
497	0.09142304928
498	0.09102167412
499	0.09062364965
500	0.09022895008
501	0.08981601499
502	0.08939677597
503	0.08880230468
504	0.0882129907
505	0.08763166603
506	0.08725488198
507	0.08688123962
508	0.08648555449
509	0.08608595921
510	0.08552585975
511	0.08516275211
512	0.08477991181
513	0.08440022264
514	0.08402366139
515	0.08365020503
516	0.08326618692
517	0.08289083554
518	0.08251268261
519	0.08197931256
520	0.08160846331
521	0.0812470805
522	0.08072636724
523	0.08054943927
524	0.08018764797
525	0.07983337918
526	0.07965952283
527	0.07915283896
528	0.0789816079
529	0.078628892
530	0.07828252282
531	0.07811426238
532	0.07794773326
533	0.07760103861
534	0.07726097128
535	0.07691425895
536	0.07657442959
537	0.07641161975
538	0.07625048261
539	0.07609100137
540	0.07558366011
541	0.07510573771
542	0.07477491371
543	0.07461880041
544	0.07446429241
545	0.07397017028
546	0.07348266761
547	0.07302251152
548	0.07273230484
549	0.0724583785
550	0.07214190367
551	0.07182804298
552	0.07151677737
553	0.07120808791
554	0.07089295969
555	0.07054518522
556	0.07020236684
557	0.06990022142
558	0.06960057801
559	0.06930341847
560	0.06899827153
561	0.06866442417
562	0.06837259326
563	0.06804444587
564	0.06775597425
565	0.06745945033
566	0.06713799476
567	0.0668546834
568	0.06657372692
569	0.06632237824
570	0.0660249648
571	0.06571260634
572	0.06541840237
573	0.06517349402
574	0.064931131
575	0.0646412061
576	0.06433857093
577	0.06405175577
578	0.06381559791
579	0.0635198243
580	0.06323698862
581	0.06300596331
582	0.06272629687
583	0.06243794946
584	0.06221194427
585	0.06193612215
586	0.06171335123
587	0.06144060655
588	0.06116113869
589	0.06094321266
590	0.06067418567
591	0.06040101183
592	0.06013480805
593	0.05992243867
594	0.05971230629
595	0.05944985909
596	0.05918504461
597	0.05892533679
598	0.05870953071
599	0.05845077257
600	0.05819442227
601	0.05797289668
602	0.05771937677
603	0.05751061758
604	0.05725977269
605	0.05700962491
606	0.05679071008
607	0.05654324471
608	0.05631942735
609	0.0560987248
610	0.05588108465
611	0.05566645563
612	0.05541258136
613	0.05519803923
614	0.05505932999
615	0.05484679187
616	0.05470943162
617	0.0545734891
618	0.05436284569
619	0.05422821986
620	0.05401953237
621	0.05388620626
622	0.05363919578
623	0.05340556476
624	0.05327397812
625	0.05303121471
626	0.05280038192
627	0.05267050414
628	0.05243190582
629	0.05220382765
630	0.05207562929
631	0.05184834487
632	0.05162315681
633	0.05149652302
634	0.05137118856
635	0.05113886015
636	0.05091688591
637	0.05079316047
638	0.05057187766
639	0.05035270508
640	0.05018734675
641	0.04996149738
642	0.04974546132
643	0.04958297752
644	0.04936772814
645	0.04915494148
646	0.0489949637
647	0.04877557843
648	0.04856582135
649	0.04834750177
650	0.04819123102
651	0.04798616162
652	0.04777871694
653	0.04762362699
654	0.04747024438
655	0.04727035598
656	0.04711842761
657	0.04690772263
658	0.04671162227
659	0.04649441048
660	0.0462860928
661	0.04608816573
662	0.045875292
663	0.04566509346
664	0.04547462866
665	0.04537881859
666	0.04528394006
667	0.04518998549
668	0.04509694735
669	0.04500481813
670	0.04491359038
671	0.04482325669
672	0.04473380967
673	0.04464524199
674	0.04455754635
675	0.0444707155
676	0.04437460056
677	0.04427954679
678	0.04408272285
679	0.04398850124
680	0.04389531735
681	0.04380315877
682	0.04371201329
683	0.04362186895
684	0.0434507194
685	0.04325601136
686	0.04313083392
687	0.04296226238
688	0.04276407881
689	0.04258078711
690	0.0423924947
691	0.04226973631
692	0.04208929013
693	0.04189789099
694	0.04177696046
695	0.0415813695
696	0.04141473302
697	0.04124952259
698	0.04108572745
699	0.04089426713
700	0.0407321849
701	0.04057149288
702	0.04038716649
703	0.04021830481
704	0.04003229595
705	0.03986505268
706	0.03969915481
707	0.03952021556
708	0.03940673248
709	0.0392488975
710	0.03907248545
711	0.03891618133
712	0.03876119885
713	0.038587748
714	0.03843426404
715	0.03825712214
716	0.03809921158
717	0.03793949076
718	0.03778866077
719	0.03761571384
720	0.03746637901
721	0.03731068076
722	0.03716263872
723	0.03699377113
724	0.03684719598
725	0.03669540355
726	0.03655009319
727	0.03638520969
728	0.03624133857
729	0.03609333888
730	0.03595070534
731	0.03580556288
732	0.03566415149
733	0.03550417583
734	0.03536416534
735	0.03522262727
736	0.035089255
737	0.03493311685
738	0.03480113761
739	0.03464776588
740	0.03451715581
741	0.03437987676
742	0.03425037807
743	0.03410072369
744	0.03396685395
745	0.03383293901
746	0.03370583992
747	0.03355976181
748	0.03343401452
749	0.03329205113
750	0.03319376942
751	0.03309675458
752	0.03296796143
753	0.03284027635
754	0.03271022729
755	0.03258263205
756	0.03245601996
757	0.03233081038
758	0.03220526892
759	0.03210029081
760	0.03198132128
761	0.03185888441
762	0.03174091201
763	0.03162072918
764	0.03151832962
765	0.03139174022
766	0.03125805733
767	0.03114109309
768	0.03104147651
769	0.03092561134
770	0.03081123341
771	0.03068701302
772	0.03055828795
773	0.03044491763
774	0.0303340046
775	0.03020951485
776	0.03009997545
777	0.02999256821
778	0.02989881016
779	0.02977681926
780	0.02967171399
781	0.02955070176
782	0.02943197164
783	0.02932929104
784	0.02923882309
785	0.02911928639
786	0.02901727244
787	0.02890329694
788	0.02880416471
789	0.02870564328
790	0.0286091262
791	0.02849112264
792	0.02838169101
793	0.02828740867
794	0.02816971899
795	0.02806259553
796	0.02795635404
797	0.02786451102
798	0.02778081399
799	0.02768928317
800	0.02758719407
801	0.02749870282
802	0.02741762313
803	0.02730171429
804	0.02717215278
805	0.02708446948
806	0.02698169961
807	0.02689605374
808	0.02681737544
809	0.02669006491
810	0.02656437111
811	0.02646741386
812	0.02638425064
813	0.02627277226
814	0.0261784341
815	0.02609606828
816	0.02601563045
817	0.02589215389
818	0.02578250892
819	0.02571895147
820	0.0256214619
821	0.02554765272
822	0.02545755355
823	0.02537984711
824	0.02525949244
825	0.02514065324
826	0.02507954994
827	0.02497270488
828	0.0248956584
829	0.02482654414
830	0.02472096902
831	0.02455839235
832	0.02449067451
833	0.02442360031
834	0.0243207674
835	0.02416187682
836	0.02407617077
837	0.02401877285
838	0.02394554689
839	0.02378969725
840	0.02373344451
841	0.02365119142
842	0.02359588675
843	0.02344292444
844	0.02338075712
845	0.02331062466
846	0.02321152655
847	0.02315037683
848	0.02308658089
849	0.02298872469
850	0.02292876541
851	0.02278075669
852	0.02272173833
853	0.02265289218
854	0.02259445316
855	0.0225365568
856	0.02244148646
857	0.02237440859
858	0.02228011855
859	0.02220349278
860	0.02214697151
861	0.022064876
862	0.02198429061
863	0.02193476412
864	0.02188579318
865	0.02183077923
866	0.02177627983
867	0.0216978972
868	0.02163694094
869	0.02158341176
870	0.02153038518
871	0.02145393837
872	0.0214074741
873	0.02135541379
874	0.02130101684
875	0.02116473678
876	0.02110633152
877	0.02105552215
878	0.02100519314
879	0.02091575299
880	0.02084291187
881	0.02079876848
882	0.02074963094
883	0.0206784839
884	0.0206352586
885	0.02057960538
886	0.0205316159
887	0.02048408323
888	0.02039669565
889	0.02026736127
890	0.0202166018
891	0.02014866265
892	0.02010735968
893	0.02005782972
894	0.02000440847
895	0.01995885179
896	0.01991373143
897	0.01986904391
898	0.01974410312
899	0.01968600768
900	0.01964213916
901	0.01955807079
902	0.01950693895
903	0.01940427756
904	0.01934769948
905	0.01926514286
906	0.01922223894
907	0.019165876
908	0.01912370778
909	0.0190423926
910	0.01898766003
911	0.01892678677
912	0.01888538106
913	0.0188307857
914	0.01877142395
915	0.01867246687
916	0.01861900084
917	0.01858246478
918	0.01848505097
919	0.01843291531
920	0.01836310748
921	0.01831188931
922	0.0182427944
923	0.01819140042
924	0.01812302226
925	0.01805541581
926	0.01800691362
927	0.01795497287
928	0.01788844656
929	0.0178330752
930	0.01777405112
931	0.01770888341
932	0.01766162866
933	0.01760825958
934	0.01755116695
935	0.01749514424
936	0.01740208441
937	0.01731009875
938	0.01726373675
939	0.01718906488
940	0.01714340653
941	0.01705351065
942	0.01700855073
943	0.01696403091
944	0.01687567298
945	0.01683183348
946	0.01674474436
947	0.01667775839
948	0.01663453074
949	0.01656480838
950	0.01649565745
951	0.01645319734
952	0.01638478502
953	0.01633311965
954	0.01626540049
955	0.0162148429
956	0.01614780519
957	0.01609832608
958	0.01603195853
959	0.01596613609
960	0.01591782166
961	0.01583881148
962	0.0157916274
963	0.01571366899
964	0.01563413004
965	0.0155574265
966	0.01548153071
967	0.01541844475
968	0.01537304322
969	0.01529849716
970	0.01522473589
971	0.01518485266
972	0.01510869549
973	0.01503343851
974	0.01499782019
975	0.01492577189
976	0.0149116961
977	0.01484034529
978	0.01478047919
979	0.01476643656
980	0.01475254641
981	0.01467946222
982	0.0146094715
983	0.01455084287
984	0.01451633722
985	0.01450254224
986	0.01443346987
987	0.0143651267
988	0.01433116607
989	0.0142634625
990	0.01424976448
991	0.01417977686
992	0.01412321305
993	0.01409010376
994	0.0140236741
995	0.01399103493
996	0.01397756072
997	0.0139116927
998	0.01385637597
999	0.01382442657
09447
997	0.009253657562
998	0.009235151011
999	0.009197979744
6261841971
994	0.00624109122
995	0.006219356595
996	0.006188611293
997	0.006158164352
998	0.006123456983
999	0.00608912068
>>>>>>> d2c6e6c80859c94c7c98c559a0bb90ed40e642fb
